District,Area,Year,Max_Temp,Min_Temp,Rainfall,Humidity,Wind,Cloud,Sunshine,ALT,Productions,PPH
2,67720,1969,38.625,22.9,115.75,70.5,1.425,3.6,7.85,20,187375,2.766907856
3,600,1969,33.65,23.2,323.75,81,3.525,4.325,7.75,6,1380,2.3
4,170895,1969,35.85,23.1,279.25,80.75,1.75,2.55,6.804545455,10,540030,3.160010533
5,216925,1969,36.075,23.85,123.75,74.25,1.775,3.975,7.65,9,668225,3.080442549
6,108805,1969,36.425,22.675,171.25,69.75,0.725,2.575,6.894,37,292870,2.691696154
7,317620,1969,36.975,23.475,129.5,73.25,1.975,3.7,6.985344828,9,947780,2.984006045
8,167870,1969,37.025,23.85,118.5,71.75,3.025,3.925,7.7,7,503585,2.999851075
9,59420,1969,37.35,25.125,130.5,74.25,0.825,2,7.215833333,4,176430,2.969202289
10,471100,1969,34.65,22.675,228.5,74.5,0.75,3.75,6.084285714,19,1378335,2.925780089
11,39530,1969,34.875,23.725,349.75,78.75,1.125,4.275,6.507758621,6,111860,2.829749557
12,141200,1969,36.7,22.825,108.25,72,1.55,3.725,7.181034483,14,445315,3.153788952
14,118420,1969,35.675,22.675,140.75,67.5,1.25,3.35,7.338571429,20,275560,2.326971795
16,357260,1969,36.775,18.25,211.25,77,0.7,2.925,6.638571429,34,992865,2.779110452
17,22195,1969,34.25,21.55,431.5,76.75,1.925,4.825,6.825,35,68130,3.069610273
2,59005,1970,42.125,23.35,154.75,68.5,1.425,3.55,7.625,20,171955,2.914244556
3,535,1970,34.5,23.9,128.25,80.25,3.4,4.65,7.05,6,1725,3.224299065
4,137550,1970,35.6,23.975,128.25,86.5,1.525,2.725,6.804545455,10,462170,3.36001454
5,194695,1970,36.425,24.125,134,73.75,2.05,4.175,8.05,9,686040,3.52366522
6,111815,1970,36.95,22.825,101,63,0.875,2.7,6.894,37,271515,2.428252023
7,239680,1970,36.375,23.55,143.5,72,2.1,4.5,6.985344828,9,668180,2.787800401
8,173135,1970,37.3,24.025,128.25,72.25,3.775,3.875,8.325,7,528630,3.053282121
9,42520,1970,37.1,25.125,182,76.75,0.5,2.35,7.215833333,4,133115,3.130644403
10,271025,1970,35.975,22.775,217.25,71.5,0.375,4.225,6.084285714,19,797580,2.942828152
11,29820,1970,34.475,23.675,230.75,82.25,1.025,4.15,6.507758621,6,100790,3.379946345
12,91210,1970,39.9,23.55,134.75,68.5,3.9,3.775,7.181034483,14,274605,3.010689617
14,69935,1970,35.675,22.675,126.25,65.5,1.05,3.875,7.338571429,20,179900,2.572388647
16,388695,1970,37.4,20.325,183.25,79.25,1.2,3.325,6.638571429,34,1255935,3.231158106
17,28480,1970,34.425,21.825,583,77.75,1.625,4.825,7.175,35,95915,3.367801966
2,48380,1971,35.175,22.45,134,71.5,1.45,3.5,7.7,20,111010,2.2945432
3,445,1971,33.1,23.125,248.25,79,3.075,4.3,7.025,6,1375,3.08988764
4,130730,1971,34.65,22.6,150.5,79.5,1.725,3,6.804545455,10,384345,2.939990821
5,192590,1971,34.175,23.15,202.5,73.5,1.65,4.225,7.275,9,622465,3.232073316
6,51100,1971,34.6,21.65,136.25,66.75,0.925,2.95,6.894,37,91705,1.794618395
7,164305,1971,33.675,22.9,176.75,75,1.775,3.825,6.985344828,9,329715,2.006725297
8,123000,1971,35.15,16.4,163.5,73,2.825,3.95,7.075,7,354040,2.878373984
9,23485,1971,35.6,23.975,68.75,76.75,1.05,2.625,7.215833333,4,57120,2.43219076
10,171585,1971,32.8,22.3,203.75,75.25,1.55,4.3,6.084285714,19,383905,2.237404202
11,21500,1971,34.075,22.775,261.75,79.25,1.025,3.675,6.507758621,6,55040,2.56
12,85740,1971,35.525,22.525,134.75,68.5,2.275,3.725,7.181034483,14,217915,2.541579193
14,66875,1971,35.5,22.5,105.5,68.75,1.575,3.725,7.338571429,20,138360,2.068934579
16,308640,1971,33.45,21.225,31.75,75.75,1.35,3.575,6.638571429,34,761010,2.46568818
17,23150,1971,33.675,21.6,399,77,1.65,5.025,5.875,35,56950,2.460043197
2,46925,1972,39.25,23.15,105.5,65.25,1.425,2.65,8.4,20,119825,2.553542888
3,440,1972,35.05,23.525,141,79,4.075,4.075,7.025,6,1165,2.647727273
4,155125,1972,36.125,24.025,188.25,79.5,3.575,4.25,6.804545455,10,530530,3.420016116
5,187440,1972,36.2,23.45,238.25,74,2.4,4.05,7.275,9,604730,3.22625907
6,79240,1972,35.75,21.75,95.25,66.75,0.925,2.7,6.894,37,149075,1.881309944
7,241880,1972,36.8,22.3,170.5,73.25,1.925,3.5,6.985344828,9,806030,3.332354887
8,152270,1972,37.375,23.8,44,68,3.3,3.15,7.875,7,479795,3.150948972
9,33880,1972,36.825,24.7,143.5,76.75,1.075,2.725,7.215833333,4,86710,2.559327037
10,303180,1972,35.1,22.175,223.25,75.25,0.825,4.3,6.084285714,19,887190,2.926281417
11,20720,1972,34.825,22.3,167.25,75.25,1.75,3.425,6.507758621,6,61330,2.959942085
12,94710,1972,39.525,23.1,79,60.75,3.525,2.825,7.181034483,14,281370,2.97085841
14,74320,1972,37.55,23.75,78.75,62.25,1.425,2.325,7.338571429,20,208940,2.811356297
16,393075,1972,38.45,14.275,105.75,80.5,1.05,2.975,6.638571429,34,1108195,2.819296572
17,21055,1972,34.275,20.775,442,76.75,1.7,5.275,6.775,35,50530,2.399905011
2,62110,1973,37.45,22.7,299.75,73.25,1.05,3.225,7.525,20,166375,2.678715183
3,10,1973,33.975,23.25,255,79.25,3.7,4.15,8.1,6,25,2.5
4,110940,1973,35.3,22.625,264.75,75,2.675,4.125,6.804545455,10,389070,3.507030827
5,175200,1973,35.2,23.25,299.5,77,1.775,4.4,7.55,9,503630,2.874600457
6,101465,1973,33.7,21.775,137.5,66.75,1.025,3.075,6.894,37,250285,2.46671266
7,273125,1973,36.1,21.7,301.75,76,1.55,4.375,6.985344828,9,714630,2.616494279
8,203765,1973,36.575,22.925,182.75,72,2.95,3.8,6.65,7,636805,3.125193237
9,46320,1973,35.625,24.075,198,76.75,1.45,2.4,7.215833333,4,157100,3.391623489
10,277750,1973,34.8,22.25,192.25,75.25,0.825,4.525,6.084285714,19,712350,2.564716472
11,16650,1973,34.15,23.5,275.25,84.25,1.325,3.3,6.507758621,6,49280,2.95975976
12,77685,1973,39.525,22.175,282,69.25,3.725,4.275,7.181034483,14,189170,2.435090429
13,1240,1973,33.325,24.025,214.4807692,81.47435897,2.025,4.15,6.020689655,3,2220,1.790322581
14,89430,1973,37,22.65,180.75,70.25,1.275,4.225,7.338571429,20,247610,2.768757688
16,390030,1973,33.1,21.225,291.75,84,0.975,3.375,6.638571429,34,1109665,2.84507602
17,15680,1973,31.75,21.55,438.25,77,1.55,5.05,5.925,35,27970,1.78380102
2,16675,1974,36.275,22.275,165.75,77.25,1.225,3.4,8.05,20,35560,2.132533733
3,300,1974,33.55,23.05,379.75,81.5,4.225,4.525,7.6,6,795,2.65
4,80840,1974,35.275,22.85,252.25,76.25,2.75,4,6.804545455,10,232820,2.880009896
5,125570,1974,33.725,23.55,196.25,73.5,1.775,4.225,8.175,9,343070,2.732101617
6,75015,1974,33.7,21.775,137.5,66.75,1.025,3.075,6.894,37,153245,2.042858095
7,156205,1974,36.4,21.225,218.5,77.25,1.65,4,6.985344828,9,350630,2.244678467
8,107565,1974,36.975,23.075,129.5,74,2.65,3.625,7.3,7,343200,3.190628922
9,28190,1974,36.275,24.325,190.75,74,2.45,4.525,7.215833333,4,66020,2.341965236
10,213290,1974,34.15,22.025,174.25,75.25,1.075,4.175,6.084285714,19,523100,2.45252942
11,11820,1974,33.8,23.125,268.5,83.75,1.575,3.525,6.507758621,6,25530,2.159898477
12,37525,1974,37.925,22.1,125.5,70,3.45,3.9,7.181034483,14,82565,2.200266489
13,1130,1974,33.325,24.025,214.4807692,81.47435897,2.025,4.15,6.020689655,3,1810,1.601769912
14,44200,1974,37.475,23.2,91.25,67.75,0.925,2.95,7.338571429,20,107185,2.425
16,257070,1974,33.1,21.225,189.25,75.75,1.475,3.55,6.638571429,34,568795,2.212607461
17,15140,1974,34.025,21.425,499,78,1.025,5.325,7.125,35,46175,3.0498679
2,33490,1975,38.075,22.85,102.75,66.5,1.525,2.7,8.75,20,91375,2.728426396
3,305,1975,34.475,23.675,176.25,78.25,4.35,3.5,7.025,6,770,2.524590164
4,71745,1975,35.55,23.3,135.75,71,4.175,3.6,6.804545455,10,263975,3.679350477
5,95395,1975,36.6,23.55,165.75,72.75,1.75,3.875,8.95,9,350630,3.675559516
6,67385,1975,33.7,21.775,137.5,66.75,1.025,3.075,6.894,37,170015,2.523039252
7,114275,1975,36.775,22.45,146.25,77,1.825,3.75,6.985344828,9,383355,3.35467075
8,68890,1975,37.225,23.45,73,67.75,3.85,3.575,7.975,7,233575,3.390550152
9,15035,1975,34.75,24.075,148,76.75,1.775,3.55,7.215833333,4,42970,2.857998005
10,180785,1975,36.725,22.025,29.75,75.25,0.35,3.6,6.084285714,19,553960,3.064192273
11,10870,1975,35.25,23.375,206,81,1.225,3.075,6.507758621,6,31910,2.935602576
12,47025,1975,43.45,22.425,131.75,62.75,3.4,3.375,7.181034483,14,130240,2.769590643
13,1105,1975,34.975,23.55,75,76,2.05,3.5,6.020689655,3,1935,1.751131222
14,41715,1975,37.425,23.525,61.75,62.25,1.1,2.6,7.338571429,20,26820,0.642934196
16,283565,1975,33.1,21.225,177.5,85.25,0.725,3.275,6.638571429,34,796305,2.808192125
17,13335,1975,34.275,21.5,418.5,77,1.275,4.65,7.8,35,27285,2.046119235
2,45690,1976,38.575,22.4,155,66.75,1.475,3.075,8.65,20,115265,2.522762092
3,305,1976,34.35,22.9,306.5,79.25,4.8,3.625,7.025,6,770,2.524590164
4,85175,1976,34.925,23.25,220,75,3.5,4.45,6.804545455,10,246155,2.889991195
5,140460,1976,36.175,23.525,309.25,74.5,1.825,4.2,8.275,9,523270,3.72540225
6,62430,1976,33.7,21.775,137.5,66.75,1.025,3.075,6.894,37,148485,2.378423835
7,134990,1976,36.825,23.25,205.25,75,1.475,3.8,6.985344828,9,510850,3.784354397
8,143470,1976,37.15,23.025,118.25,70.5,3.1,3.35,7.475,7,460430,3.20924235
9,33150,1976,37.05,24.25,171.75,71,1.925,3.45,7.215833333,4,97625,2.94494721
10,230850,1976,36.25,21.25,203,75.25,0.175,3.8,6.084285714,19,635510,2.752913147
11,13035,1976,32.45,23.425,206,79.25,1.45,3.8,6.507758621,6,35715,2.739930955
12,61940,1976,38.15,21.425,219.75,62,3.125,3.05,7.181034483,14,181925,2.937116564
13,1250,1976,34.425,24.075,192.25,80.5,2.025,3.9,6.020689655,3,1900,1.52
14,52455,1976,37.025,23.125,120.75,63,0.65,2.775,7.338571429,20,150595,2.870936994
16,322825,1976,33.1,21.225,186.75,88,0.825,3.25,6.638571429,34,966725,2.994579106
17,12220,1976,33.975,21.55,503,79.25,0.875,4.925,6.85,35,24320,1.990180033
2,48780,1977,34.425,22.65,135,71.5,1.55,3.575,7.175,20,130433,2.673903239
3,190,1977,33.325,22.65,279.75,83.75,2.4,4.725,6.825,6,503,2.647368421
4,80455,1977,33.7,22.825,293.75,77.5,4.425,4.875,6.804545455,10,867915,10.78758312
5,153155,1977,34.35,23.15,239.75,80.25,1.975,4.95,7.425,9,566686,3.700081617
6,70310,1977,33.7,21.775,137.5,66.75,1.025,3.075,6.894,37,194448,2.765580998
7,173910,1977,36.35,22.975,250,78.25,1.175,4.125,6.985344828,9,537371,3.089937324
8,175985,1977,36.8,23.25,171.75,75.5,3.4,4.225,6.575,7,544843,3.095962724
9,44665,1977,36.55,24.225,195.25,76.75,1.875,4.425,7.215833333,4,114835,2.57102877
10,267540,1977,32.8,22.3,462.5,77.5,3.725,4.85,6.084285714,19,748222,2.796673395
11,9500,1977,32.45,23.425,261.5,79.25,1.45,3.8,6.507758621,6,20710,2.18
12,73815,1977,37.425,21.8,424,70.75,1.925,4.275,7.181034483,14,223590,3.029059134
13,1200,1977,34.575,23.375,367.25,80.5,3.125,5.625,6.020689655,3,1713,1.4275
14,63185,1977,37.275,22.325,253.25,73.75,1.25,3.725,7.338571429,20,186289,2.948310517
16,334025,1977,33.1,21.225,256.75,75.75,0.925,4.125,6.638571429,34,1042640,3.121443006
17,5200,1977,32.975,21.25,516.5,81.5,1.1,5.775,5.125,35,5200,1
2,60575,1978,37.675,21.675,302,71.5,1.6,3.775,7.7,20,181555,2.997193562
3,315,1978,34.375,22.125,307.5,76.75,4.05,4.525,7.025,6,727,2.307936508
4,105275,1978,32.725,23.05,216.75,79.5,2.225,3.95,6.804545455,10,371620,3.529992876
5,167250,1978,35.475,22.425,298.75,74.5,1.625,4.5,6.3,9,628470,3.757668161
6,74680,1978,33.7,21.775,137.5,66.75,1.025,3.075,6.894,37,207880,2.78361007
7,194195,1978,35.475,22.175,166.75,74,0.6,3.45,6.985344828,9,627195,3.229717552
8,220440,1978,35.15,23.275,130.75,73,2.875,3.85,7.55,7,749035,3.397908728
9,51775,1978,36.1,23.45,190.5,78.5,1.2,3.575,7.215833333,4,161339,3.116156446
10,268810,1978,35.175,21.35,269.75,74.75,2.375,4.3,6.084285714,19,773120,2.876083479
11,19040,1978,34.65,21.9,261.5,79.25,1.6,4.45,6.507758621,6,57120,3
12,95535,1978,38.35,21.675,185,68.25,2.675,4.025,7.181034483,14,307353,3.217176951
13,1055,1978,35.8,22.775,348,74.5,2.225,5.3,6.020689655,3,1340,1.27014218
14,64315,1978,36.275,21.9,187.75,71.5,2.1,3.575,7.338571429,20,181982,2.829542097
16,370100,1978,35.525,21.775,210.25,67.75,1.3,3.725,6.638571429,34,1250675,3.379289381
17,8015,1978,35.05,21.025,477.5,75,1.275,5.175,6.6,35,16030,2
1,9130,1981,34.1,23.025,310,82.5,1.125,4.7,6.225,4,16045,1.757393209
2,52770,1981,35.975,22.425,161.75,75,1.325,3.7,7.825,20,177300,3.359863559
3,320,1981,32.85,22.45,277.75,78,4.1,4.675,5.825,6,620,1.9375
4,79060,1981,32.8,22.175,317.25,79.75,1.475,4.025,7.05,10,285405,3.609979762
5,128770,1981,35.075,22.925,205.75,75,1.425,4.575,7.025,9,452640,3.51510445
6,47485,1981,34.825,21.95,194,66.75,2.925,3.5,6.894,37,166130,3.498578498
7,152210,1981,35.175,22.5,260.75,78.5,1.1,3.25,6.985344828,9,427975,2.811740359
8,161295,1981,35.95,22.825,173.75,75.25,2.975,4.875,6.525,7,510705,3.166279178
9,24200,1981,35.125,23.3,257.5,81.5,2.425,4.025,7.215833333,4,72100,2.979338843
10,117035,1981,34.475,22.325,200.75,69.5,2.375,4.85,6.775,19,393455,3.361857564
11,5935,1981,33.4,22.8,339.75,80,1.075,3.05,6.507758621,6,19405,3.269587195
12,34150,1981,37,22.075,242.5,74,1.825,4.125,7.181034483,14,122700,3.592972182
13,1095,1981,34.125,23.4,243.25,78.5,2.575,4.925,6.020689655,3,1820,1.662100457
14,29160,1981,39.325,22,178.75,74.25,1.5,3.525,7.8,20,100290,3.439300412
15,425,1981,34.175,22.95,236,75,1.6,4.4,6.623148148,63,970,2.282352941
16,272740,1981,34.7,21.25,182.75,75.75,1.1,3.7,8.05,34,948240,3.476717753
17,8885,1981,34.075,21.375,470,77.25,1.225,4.975,6.7,35,28875,3.249859313
1,7185,1982,36.1,23.35,181.25,78.25,1.1,3.825,8.025,4,12405,1.72651357
2,48425,1982,36.95,22.425,108.75,71,1.5,3.3,7.45,20,167045,3.449561177
3,180,1982,34.4,22.975,239.75,76.5,4.1,3.5,6.825,6,385,2.138888889
4,75450,1982,35.225,22.25,297.5,79,1.575,3.475,7.95,10,275390,3.649966865
5,121630,1982,37.2,23.125,213.25,73.75,1.65,3.95,6.7,9,424715,3.491860561
6,45095,1982,37.325,21.3,121,63.25,1.05,3.325,6.894,37,150990,3.348264774
7,168000,1982,37.2,22.825,154.25,75.5,1.125,2.275,6.985344828,9,485200,2.888095238
8,166630,1982,37.65,22.925,166.5,73,3.4,4.1,6.175,7,565155,3.391676169
9,28855,1982,36.1,23.725,132,77.25,1.325,3.175,7.215833333,4,100735,3.49107607
10,106540,1982,36.35,22.45,288.5,68.5,1.95,4.15,6.15,19,366615,3.441101934
11,3980,1982,35.2,22.2,287,73,1,3.45,6.507758621,6,12735,3.199748744
12,49160,1982,38.275,22.65,146.25,69.25,1.8,2.925,7.181034483,14,181290,3.687754272
13,1080,1982,35.125,24.375,154.25,74.25,2.6,4.225,6.020689655,3,1675,1.550925926
14,39610,1982,37.5,22.6,130.5,71,1.85,2.85,7.625,20,142410,3.595304216
15,250,1982,36.625,23.575,170,74.75,2.15,4.2,6.623148148,63,530,2.12
16,269615,1982,35.85,21.55,213.25,72,1.475,3.575,7.575,34,988000,3.664484543
17,7085,1982,35.55,21.375,547.75,77.5,1.4,4.575,6.5,35,16650,2.350035286
1,6970,1983,35.675,23.55,180,79.75,1.55,3.9,7.75,4,13380,1.919655667
2,36405,1983,36.975,22.2,129.75,69,1.425,2.825,7.425,20,121210,3.329487708
3,145,1983,33.625,22.9,288,78.25,4.5,4.4,6.85,6,310,2.137931034
4,72455,1983,34.45,23.275,169,81.25,1.675,4.025,6.75,10,292720,4.040024843
5,116205,1983,36.5,23.425,276,76.5,1.9,4.15,7.225,9,425560,3.662148789
6,42690,1983,37.2,20.925,124.25,62,1.025,3.025,6.894,37,142855,3.346334036
7,174165,1983,37.025,23.375,194,74.75,0.95,2.2,6.985344828,9,585160,3.359802486
8,170555,1983,38.6,23.375,158.75,72.25,3.525,4,7.2,7,571730,3.352173786
9,31515,1983,36.25,23.675,215,79,3.7,3.75,7.215833333,4,122320,3.881326353
10,108435,1983,35.625,22.2,201.25,69.5,2.075,4.25,6.55,19,432370,3.987365703
11,3980,1983,34.4,22.8,304,78,1.4,4.025,6.507758621,6,10745,2.699748744
12,51140,1983,38.55,22.25,163.5,65.75,2.125,3.325,7.181034483,14,188180,3.679702777
13,1125,1983,34.95,24.325,396,77.75,2.875,4.425,6.020689655,3,1820,1.617777778
14,47710,1983,39.325,22,56,66,4.15,3.05,7.85,20,162130,3.398239363
15,250,1983,34.8,23.825,249.25,74,1.5,4.075,6.623148148,63,585,2.34
16,275325,1983,36.25,20.725,172.5,71,1.15,3.575,7.225,34,1029050,3.737582857
17,5380,1983,33.975,21.65,533.5,79,1.125,5.025,6.45,35,11515,2.140334572
1,6690,1984,35.825,23.5,352.75,82.75,1.55,4.675,6.675,4,11715,1.751121076
2,41250,1984,37.575,22.675,245.25,74,1.525,3.175,6.575,20,119715,2.902181818
3,140,1984,34.875,22.85,287,80,5.05,4.175,7.025,6,240,1.714285714
4,75345,1984,35.85,23.1,290.25,79.5,3.4,4,6.75,10,286310,3.799986728
5,131390,1984,36.8,23.925,368.25,73.75,1.625,4.25,6.75,9,437190,3.327422178
6,61015,1984,37.175,21.65,202.25,66,1.225,3.55,6.894,37,179345,2.939359174
7,207775,1984,36.95,22.7,356.75,74.25,1.75,3.325,6.985344828,9,518470,2.495343521
8,187125,1984,38.65,23.325,286.25,72.5,4.5,4,6.35,7,504520,2.696165665
9,48740,1984,37.25,23.525,276.75,83.5,4.3,4.6,7.075,4,170390,3.495896594
10,112300,1984,35.6,22.575,257.75,74.25,2.1,4.45,5.625,19,380850,3.391362422
11,3700,1984,35.275,22.225,403.5,79.25,1.75,3.925,6.507758621,6,9990,2.7
12,61095,1984,40.95,23.125,185.5,67,2.675,3.825,7.181034483,14,191915,3.141255422
13,990,1984,35.85,24.35,239,78.25,3.55,4.2,6.020689655,3,1535,1.550505051
14,63170,1984,39.875,22.825,107.25,68.5,3.05,3.15,6.825,20,189510,3
15,135,1984,35.5,20.575,280.5,73.25,1.425,3.7,6.623148148,63,310,2.296296296
16,360360,1984,36.4,21.6,416.75,75.25,1.8,3.625,6.625,34,1113100,3.088855589
17,4810,1984,36.2,21.675,461.5,74.75,1.2,4.925,5.975,35,10100,2.0997921
1,3663,1985,36.125,24.25,164.25,85.25,1.725,4.925,6.925,4,6616,1.806169806
2,71244,1985,37.05,23.175,196.5,72.25,1.725,3.2,7.425,20,221192,3.104710572
3,9,1985,33.275,23.725,314.75,81.5,5.7,4.325,7.125,6,9,1
4,81295,1985,35.275,23.7,197.75,82,2.05,4.225,6.75,10,329185,4.049265022
5,144651,1985,35.925,24.375,267.5,76.5,1.725,4.275,6.575,9,510765,3.531016032
6,45695,1985,37,22.35,178.75,63.5,1.325,3.3,6.894,37,137870,3.017179122
7,148180,1985,37.375,23.575,184,77.25,1.75,3.4,6.525,9,483907,3.265670131
8,148118,1985,38.3,24.3,137.25,72.75,3.6,3.75,6.775,7,556603,3.757834969
9,36909,1985,37.675,24.475,132.75,82.5,3.9,4.7,7.825,4,123798,3.354141266
10,134746,1985,34.85,22.95,136.5,75.25,2.175,4.525,5.7,19,445273,3.304535942
11,3569,1985,35.025,23.75,248,81,1.9,3.875,6.55,6,9971,2.79377977
12,73677,1985,38.65,23.225,105.25,64.25,2.175,3.45,7.3,14,236967,3.216295452
13,666,1985,35.325,24.925,161.75,86,2.8,4.525,5.625,3,1069,1.605105105
14,93491,1985,39,22.75,124,70,2.65,3.175,7.625,20,299361,3.202030142
15,289,1985,35.325,23.375,186.75,75.75,1.2,4.075,6.623148148,63,696,2.408304498
16,326481,1985,35.825,21.8,300.5,75.5,1.925,3.75,6.2,34,1028664,3.150762219
17,10757,1985,34.425,22.05,550,81.5,1.375,5.6,6.15,35,28968,2.692944129
1,6229,1986,36.65,23.3,136,81.25,1.125,3.775,7.4,4,11989,1.924707016
2,40771,1986,38.125,22.475,125.25,72.75,1.375,3.1,7.85,20,130106,3.191140762
3,11,1986,35.35,23.325,285.5,76.75,4.5,3.525,7.45,6,18,1.636363636
4,103856,1986,35.65,22.35,160,79,1.6,3.25,6.75,10,449483,4.327944462
5,122693,1986,37.875,23.425,191.25,72,1.35,3.95,7.925,9,429457,3.500256738
6,58018,1986,38.15,21.425,111.5,62.5,1.475,3.175,6.894,37,178779,3.081440243
7,152328,1986,37.25,22.525,160.25,74,2.1,2.925,7.15,9,504326,3.310789874
8,117494,1986,39,23.175,141.75,71.5,3.375,3.475,6.925,7,430005,3.659803905
9,32288,1986,38.075,23.1,159.5,79.5,1.975,3.725,7.2,4,110442,3.42052775
10,111586,1986,35.675,22.425,220,71.25,2.575,4.05,6.225,19,416177,3.729652465
11,2317,1986,35.625,23.05,292,79.5,1.525,3.525,7.1,6,5453,2.35347432
12,36151,1986,40.425,22,68.5,69.25,3.25,3.35,7.175,14,128344,3.550219911
13,834,1986,36,24.05,68.75,82,2.325,3.625,5.6,3,1439,1.725419664
14,75616,1986,40.825,21.875,92,68.5,2.45,3,7.6,20,252610,3.340695091
15,74,1986,36.9,22.35,164.5,70.75,1.1,3.45,6.623148148,63,191,2.581081081
16,297560,1986,37.025,20.55,189,73,1.875,3.525,6.575,34,1065277,3.580041
17,6218,1986,35.675,20.425,260,73.5,1.7,4.475,6.45,35,17486,2.81215825
1,8870,1987,37.725,23.7,132.25,81.5,1.2,4.125,7.3,4,15630,1.762119504
2,24840,1987,38.075,23.15,166.25,73.75,1.4,3.575,7.375,20,96355,3.879025765
3,53045,1987,34,23.85,235.5,78,4.425,3.625,7.025,6,223850,4.220001885
4,20,1987,35.15,23.3,157.75,81,2,3.575,7.4,10,75,3.75
5,111195,1987,39.225,24.075,172,74,1.675,3.95,7.775,9,382680,3.441521651
6,79960,1987,37.75,21.925,156,66.5,1.225,3.1,6.894,37,252865,3.162393697
7,152745,1987,38.75,23.425,171,74.5,2.525,3.625,7.65,9,526970,3.449998363
8,148285,1987,38.85,23.875,150.5,72.75,3.325,3.9,7.125,7,608440,4.103179688
9,18155,1987,38.325,23.475,154.25,77,1.65,3.85,8.125,4,75245,4.144588268
10,86415,1987,36.225,23.025,217,77.75,2.075,4.1,6.5,19,369400,4.274720824
11,3060,1987,35.75,23.55,232.75,79.5,1.75,3.775,7.125,6,6760,2.209150327
12,49160,1987,39.85,21.6,89.25,68.25,2.375,3.05,7.7,14,170725,3.472843775
13,1230,1987,36.55,24.625,16.25,79.75,2,3.525,6,3,2090,1.699186992
14,57700,1987,40.55,22.625,104.5,67.25,2.15,3.075,7.65,20,183145,3.174090121
15,155,1987,35.3,22.825,260.25,76,0.925,3.3,6.475,63,380,2.451612903
16,260045,1987,36.975,21.825,195.25,79.75,1.925,3.775,7.275,34,926255,3.561902748
17,2830,1987,34.6,21.65,466.25,79,1.925,5.275,5.65,35,8715,3.0795053
18,71990,1987,37.175,22.425,143.25,74.75,2.25,3.7,6.55,10,261295,3.629601334
1,7960,1988,35.325,24.075,279.75,82,1.1,4.65,6.55,4,238250,29.93090452
2,43950,1988,37.15,22.475,281.75,78.25,1.775,3.875,6.4,20,1755,0.039931741
3,0,1988,34.675,23.7,323.25,77.5,3.725,4,6.825,6,0,#DIV/0!
4,52435,1988,34.675,23.275,223,82,2.525,4.225,6.525,10,256670,4.895012873
5,119975,1988,37.25,23.9,362.25,77,1.575,4.65,6.75,9,178385,1.486851427
6,71820,1988,37.05,22.05,160.5,68.5,1.15,3.375,6.894,37,171490,2.387774993
7,154590,1988,38.25,23.375,302.5,78.75,2.95,4.025,6.85,9,349485,2.26072191
8,121835,1988,37.75,23.85,270.25,76.25,3.925,4.675,6.15,7,26800,0.219969631
9,26680,1988,37.15,24.125,243.75,79.75,2.075,4.525,6.75,4,458650,17.19077961
10,65100,1988,34.875,23.15,382.5,81,2.375,4.45,5.575,19,160300,2.462365591
11,4320,1988,34.875,23.525,298.75,81.75,1.475,4.025,6.65,6,7980,1.847222222
12,84055,1988,35.575,22.625,180.25,74.75,1.975,3.9,7.225,14,181845,2.163404913
13,1125,1988,35.3,24.325,259.75,83,2.475,4.3,4.475,3,298565,265.3911111
14,62055,1988,39.375,22.2,160.5,73.5,2.35,3.85,7.1,20,189885,3.059946821
15,125,1988,35.05,23.175,343.75,76,0.925,3.525,5.825,63,250,2
16,266230,1988,35.8,22.225,214,78.5,2.3,3.725,6.825,34,905215,3.400123953
17,965,1988,35.275,21.6,633.5,79.5,1.75,5.05,5.675,35,2510,2.601036269
18,32045,1988,36.7,22.9,262.75,76.25,2.4,4.125,6.05,10,223645,6.979091902
1,4580,1989,35.425,24.075,115,80.25,1.475,4.075,7.775,4,13510,2.949781659
2,40730,1989,38.6,22.4,96.25,72.25,2,2.95,7.225,20,171880,4.219985269
3,0,1989,34.6,23.875,144.75,75.25,4.925,3.775,7.475,6,0,#DIV/0!
4,60550,1989,34.975,23.3,153.25,81,2.3,3.8,7.075,10,227060,3.749958712
5,101320,1989,37.875,24.375,158,71.5,2.075,3.75,7.5,9,323210,3.189992104
6,49280,1989,38.1,21.625,165.5,64,1.3,2.725,7.075,37,126650,2.570008117
7,152170,1989,37.7,23.375,158.5,75,3.075,3.075,7.5,9,541720,3.559965828
8,123710,1989,38.825,23.55,100.5,72,3.275,3.85,7.025,7,487420,3.940021017
9,25590,1989,37.75,23.725,124.5,75.5,2.325,3.55,7.8,4,107480,4.200078156
10,50170,1989,36.125,22.975,149.5,77.5,1.975,3.9,6.4,19,183120,3.649990034
11,3180,1989,36.05,23.8,162.75,78.25,1.15,3.5,6.975,6,11100,3.490566038
12,64910,1989,39.575,22.125,61,66.5,2.075,3,7.2,14,235620,3.62994916
13,980,1989,35.375,24.325,152.75,79.75,2.1,3.7,6.15,3,1370,1.397959184
14,55550,1989,40.075,21.925,105.25,66.25,2.15,3.05,7.375,20,166650,3
15,2700,1989,36.025,23.3,153.5,71.25,1.175,3.25,6.225,63,6590,2.440740741
16,284170,1989,37.125,21.525,139,73,2.375,3.275,6.825,34,877930,3.089453496
17,2940,1989,35.525,22.025,459.25,75.25,1.475,4.625,6.225,35,8080,2.74829932
18,97870,1989,37.425,22.975,145.5,73.75,1.9,2.675,6.75,10,313180,3.199959129
1,4280,1990,35.65,22.9,264.75,84.5,1.175,5.125,6.625,4,13610,3.179906542
2,36610,1990,35.575,22.225,183.75,82.25,1.975,4.05,6.6,20,142410,3.889920787
3,0,1990,33.675,22.95,294,78.25,3.275,4.9,6.025,6,0,#DIV/0!
4,60990,1990,33.925,22.325,267.75,84.25,1.3,4.4,6.25,10,244570,4.01000164
5,106650,1990,34.675,23.525,184,78.25,1.875,4.85,7.275,9,385010,3.610032818
6,63010,1990,35.25,21.675,200,77.25,1.3,3.95,6.8,37,169660,2.692588478
7,171160,1990,34.9,22.9,246.75,81.75,2.45,4.425,6.9,9,575100,3.360014022
8,132410,1990,36.125,23.25,173.75,79.5,3.075,4.7,6.475,7,570690,4.310021902
9,26950,1990,36.075,23.5,198,81.25,1.75,4.45,6.55,4,120470,4.47012987
10,57380,1990,34.45,21.775,275.5,81.5,1.55,4.625,5.55,19,198530,3.459916347
11,1300,1990,34,23.325,361.5,82.5,1.05,4.4,5.8,6,3430,2.638461538
12,61540,1990,35.925,22.375,192.25,78,1.725,4.225,6.5,14,195700,3.180045499
13,1160,1990,34.075,23.9,234.5,84.5,1.65,4.6,5.45,3,1690,1.456896552
14,56170,1990,37.05,21.7,176.75,78.5,2,4.075,6.9,20,180310,3.210076553
15,2700,1990,34.9,22.175,228.75,78,1.05,4.15,6.325,63,6590,2.440740741
16,319530,1990,34.8,21.575,240.75,80.25,2,4.425,6.25,34,1166280,3.649985917
17,2380,1990,34.775,21.35,456.75,79.75,1.625,5.55,4.8,35,7730,3.24789916
18,98710,1990,34.55,22.4,167.5,80.25,1.9,4.025,5.975,10,334630,3.390031405
1,3880,1991,35.025,23.925,211,83.25,1.475,4.7,6.4,4,12140,3.128865979
2,32810,1991,36.725,22.45,178,79.5,1.675,4.2,6.05,20,131240,4
3,0,1991,33.8,24.025,345,79,3.325,4.375,7.025,6,0,#DIV/0!
4,50280,1991,34.825,22.7,317.25,85.5,1.875,4.525,5.625,10,220730,4.390015911
5,104910,1991,35.7,23.875,237,73.5,1.75,4.575,7.275,9,338860,3.230006672
6,59060,1991,36.7,21.475,198.75,73,1.175,3.975,6.8,37,169500,2.86996275
7,190420,1991,36.55,23.125,191,79.25,2.425,4,6.3,9,666470,3.5
8,144280,1991,37.775,23.925,169.5,76.5,2.975,4.35,6.35,7,623290,4.320002772
9,26430,1991,36.525,24.375,146.5,79.25,2.025,3.975,6.675,4,119990,4.539916761
10,60460,1991,35.325,20.55,350.75,80.25,1.525,4.6,4.525,19,194680,3.219980152
11,1430,1991,34.175,23.9,342.25,81.5,1.2,3.85,5.25,6,5260,3.678321678
12,71750,1991,38.35,22.9,150.75,73.75,1.75,3.925,6.55,14,246100,3.429965157
13,1530,1991,35.025,24.7,259.25,81.75,1.575,4.1,5.675,3,2250,1.470588235
14,48040,1991,38.575,22.55,101.5,73.25,1.875,3.775,6.75,20,166700,3.470024979
15,70,1991,35.25,22.675,323.5,76.5,1.25,4,6.075,63,230,3.285714286
16,323640,1991,35.525,21.55,215.5,78.25,1.95,4.425,5.2,34,1126370,3.480317637
17,1070,1991,34.15,21.25,684.75,80.75,1.575,5.65,4.35,35,3570,3.336448598
18,104450,1991,36.175,22.475,237.25,77.75,2.1,3.85,5.575,10,359310,3.440019148
1,4850,1992,36.075,24.325,99,81.75,1.425,3.675,7.125,4,9890,2.039175258
2,29210,1992,37.375,22.425,93,72.25,2.125,2.675,7.625,20,117130,4.009928107
3,0,1992,34.475,24.25,174.75,80,3.65,3.95,6.625,6,0,#DIV/0!
4,50160,1992,35.55,23.35,109.25,82.75,2.4,3.15,7.075,10,237760,4.740031898
5,100750,1992,36.95,24.45,77.5,73.5,2.025,3.2,7.6,9,387890,3.850024814
6,40920,1992,38.25,21.475,76.25,67.75,1.55,2.875,7.2,37,115390,2.819892473
7,179100,1992,38.025,22.75,114.75,72,2.25,2.975,7.25,9,773710,4.319988833
8,101850,1992,38.9,23.55,131.75,72.75,2.625,3.425,7.475,7,451200,4.430044183
9,18340,1992,37.475,23.55,87.75,76.75,2.15,2.85,7.875,4,86200,4.700109051
10,36920,1992,36.45,22.75,111.5,75.5,1.9,3.35,6.775,19,124790,3.380010834
11,930,1992,35.6,24.525,127.5,80.5,1.275,3.075,6.15,6,3210,3.451612903
12,52270,1992,40.025,23,55.75,65.25,1.975,2.875,7.825,14,196530,3.759900517
13,1710,1992,35.7,24.6,220,82.25,1.375,3.2,6.375,3,2510,1.467836257
14,37110,1992,40.6,22.25,54.75,64.75,2.05,2.525,8.15,20,132850,3.579897602
15,110,1992,36.775,23.25,150,75.25,1.15,3.125,7.225,63,440,4
16,283200,1992,36.55,21.525,170.5,73.25,2,3.625,7.325,34,1062000,3.75
17,1560,1992,34.85,20.8,380.5,78.75,1.3,4.875,5.925,35,5270,3.378205128
18,97890,1992,37.6,22.85,131,72.75,1.825,2.875,6.975,10,379810,3.87996731
1,4110,1993,35.1,22.575,281.25,84,1.425,4.3,7.125,4,11590,2.819951338
2,21770,1993,35.425,21.7,201.5,76.25,2,3.8,6.675,20,93180,4.280202113
3,0,1993,33.6,22.325,442.75,79.75,3,3.9,6.45,6,0,#DIV/0!
4,29840,1993,34.5,22.15,349.25,84.25,1.625,4.125,6.775,10,122340,4.099865952
5,86960,1993,35.225,22.65,310.5,73.5,1.525,4.35,6.825,9,307840,3.540018399
6,43150,1993,35.25,20.925,228.5,74.5,1.25,3.75,6.9,37,119530,2.770104287
7,188950,1993,35.6,21.625,217.25,77,2.15,4.075,6.825,9,710450,3.759989415
8,126120,1993,36.975,22.675,207.75,76.75,2.475,3.85,6.8,7,596550,4.730019029
9,12230,1993,35.8,23.025,261.25,78,2.3,3.8,7.175,4,50270,4.110384301
10,38430,1993,34.25,21.65,356,77.75,1.95,4.425,5.8,19,117210,3.049960968
11,520,1993,33.625,23.15,386.5,81.75,1.35,4.1,5.7,6,1550,2.980769231
12,67910,1993,37.025,21.75,169.5,74,1.9,4,7.025,14,235650,3.470033868
13,1850,1993,34.425,23.5,269.25,81.5,1.475,4.125,5.55,3,2630,1.421621622
14,44620,1993,38.425,21.5,167,71.5,1.825,3.9,6.875,20,158400,3.549977589
15,120,1993,34.575,20.45,399.5,76.5,1.1,3.85,6.575,63,460,3.833333333
16,231710,1993,34.675,20.775,231.25,79.75,1.55,4.1,6.675,34,824890,3.560010358
17,1510,1993,34.4,20.925,500,79.25,1.55,5.125,5.325,35,5570,3.688741722
18,84710,1993,35.475,21.75,273.75,78,1.65,4.075,6.5,10,275310,3.250029512
1,4000,1994,35.75,23.75,235.5,80.5,1.075,4.15,6.725,4,13000,3.25
2,29000,1994,37.9,22.95,125.25,75,1.7,3.75,6.975,20,127000,4.379310345
3,0,1994,34.2,23.8,311.25,78.5,3.7,3.925,6.25,6,0,#DIV/0!
4,40000,1994,34.7,23.35,222.5,82.25,2,4.05,6.05,10,169000,4.225
5,101000,1994,35.925,23.875,209,73,1.6,4.1,6.625,9,359000,3.554455446
6,48000,1994,37.7,22.05,122.5,70.5,1.125,3.325,7.1,37,142000,2.958333333
7,209000,1994,36.65,23.275,158.25,76,1.875,3.475,6.975,9,583000,2.789473684
8,143000,1994,39.125,23.75,148,73.75,2.525,4,6.6,7,596000,4.167832168
9,19000,1994,37.3,24.025,114.75,77,1.825,3.225,7.025,4,80000,4.210526316
10,53000,1994,36.05,22.8,163.25,77.25,2.25,4.3,5.925,19,192000,3.622641509
11,700,1994,34.95,24.375,413.25,78.5,2,3.875,6.425,6,2000,2.857142857
12,88000,1994,39.6,23.05,131.25,70.25,1.675,3.775,7.3,14,248000,2.818181818
13,2000,1994,35.625,24.45,296.75,81.75,1.225,4.2,5.525,3,3000,1.5
14,43000,1994,39.625,23.05,97,71.5,1.5,3.5,7.375,20,154000,3.581395349
15,100,1994,36.55,22.75,224,75.75,1.075,4.025,6.55,63,500,5
16,276000,1994,36.25,22,179,74,2.175,3.85,7.075,34,1038000,3.760869565
17,2000,1994,34.4,21.8,438.5,78,1.675,5.4,5.525,35,8000,4
18,105000,1994,36.875,22.7,247.5,79,1.65,3.75,6.4,10,389000,3.704761905
1,3780,1995,36.55,23.975,204.75,78.75,1.1,3.8,6.75,4,11640,3.079365079
2,12750,1995,38.5,23.525,150,73.5,1.675,3.725,6.875,20,54950,4.309803922
3,0,1995,35.5,24.45,174,76.25,4,3.65,6.975,6,0,#DIV/0!
4,44980,1995,35.65,22.45,193.25,80.5,2.225,3.9,5.675,10,223550,4.969986661
5,79280,1995,38.1,24.275,147.25,69.5,1.25,3.975,6.875,9,264790,3.33993441
6,53260,1995,39.05,22.35,87.75,66,0.925,3.325,6.65,37,144330,2.709913631
7,211930,1995,38.25,23.825,180.25,71,2.375,3.65,7,9,690890,3.259991507
8,109780,1995,39.65,24.075,76.75,71.75,3.025,3.975,6.525,7,500600,4.560029149
9,15490,1995,37.875,24.375,135.25,75.25,1.575,3.1,6.9,4,68160,4.400258231
10,29820,1995,36.225,22.9,237.75,74.75,2.05,3.975,6.025,19,94530,3.170020121
11,910,1995,35.925,24.15,241.25,76.75,1.725,3.6,6.675,6,3090,3.395604396
12,59020,1995,40.875,23.4,85.75,66,1.975,3.9,6.95,14,201850,3.420027109
13,1990,1995,36.075,24.425,277.5,80.5,1.675,3.85,5.95,3,2840,1.427135678
14,28590,1995,40.975,23.35,99.75,68.25,1.15,3.525,6.7,20,99490,3.479888073
15,200,1995,38.025,23.325,225,72,1.325,3.725,7.175,63,850,4.25
16,233820,1995,36.925,22.05,133,73.25,1.85,3.925,6.525,34,750560,3.209990591
17,2280,1995,36.525,22.075,378.75,75,1.375,5.225,6.1,35,7750,3.399122807
18,73500,1995,38.15,23.175,152,75.5,1.55,3.75,6.35,10,269010,3.66
1,4500,1996,35.975,24.075,171.5,82.5,1.625,4.075,6.95,4,13320,2.96
2,13960,1996,37.2,23.35,218.75,75,1.325,3.6,7.45,20,62680,4.489971347
3,0,1996,34.725,24.25,263,80.25,4.3,4.025,7.025,6,0,#DIV/0!
4,52680,1996,35.525,23.525,264.25,83.75,2.425,3.95,7.375,10,271830,5.160022779
5,84390,1996,37,24.325,201,74.5,1.075,3.975,7.05,9,322370,3.82000237
6,61140,1996,37.75,21.75,106.25,71.25,0.875,3.05,8.275,37,173030,2.830062152
7,224030,1996,37.45,23.8,202.25,76,2.425,2.5,7.4,9,880440,3.930009374
8,121160,1996,38.375,23.575,152,76.5,2.15,3.925,7.325,7,542800,4.480026411
9,19760,1996,37.375,24.175,158.75,81,1.725,3.65,7.725,4,88720,4.489878543
10,32220,1996,35.55,23.075,108,78.25,1.9,3.9,6.125,19,108900,3.379888268
11,870,1996,35.1,24.25,254.5,81.75,1.725,3.875,7.2,6,2940,3.379310345
12,64710,1996,38.925,23.3,128.75,71.75,1.6,3.75,7.625,14,226480,3.499922732
13,1860,1996,35.85,24.375,299.5,84.25,2.275,3,5.1,3,3220,1.731182796
14,41430,1996,39.525,23.075,114,71,1.1,3.275,7.65,20,145010,3.500120685
15,330,1996,35.6,22.9,249,78,1.425,4.05,7.4,63,1540,4.666666667
16,241690,1996,36.375,21.8,166.75,76,1.65,3.625,7.525,34,862830,3.569986346
17,1950,1996,35.475,22.25,445.75,81,1.425,5.35,5.75,35,6840,3.507692308
18,81630,1996,36.625,23.1,160,77.25,1.45,3.175,7.425,10,314280,3.850055127
1,5130,1997,35.3,22.825,180.5,83.75,1.425,4.85,6.675,4,14840,2.892787524
2,14060,1997,36.55,22.425,114.75,77.25,1.275,3.875,7.825,20,62760,4.463726885
3,0,1997,34.225,23.375,212.5,80.75,3.25,4.275,6.275,6,0,#DIV/0!
4,59080,1997,34,21.775,206.5,83.25,1.775,4.05,6.65,10,299760,5.07379824
5,94820,1997,35.5,23.175,167.25,75,0.775,3.775,7.05,9,366020,3.860156085
6,70520,1997,36.675,21.6,164.5,73.25,0.675,2.925,7.475,37,204830,2.904566081
7,249230,1997,36.1,22.55,152.25,77,1.85,3.725,7.55,9,1096360,4.398988886
8,151620,1997,37.525,22.875,115.5,77.75,2.125,4.05,7.2,7,718620,4.739612188
9,25920,1997,36.05,23.025,144.5,77.5,1.6,3.825,7.05,4,122880,4.740740741
10,49520,1997,34.35,22,182.5,78.75,1.975,4.225,6.875,19,171870,3.470718901
11,1240,1997,34.775,23.225,145,81.25,1.075,3.775,6.7,6,4250,3.427419355
12,87190,1997,37.7,22.275,120.75,75.25,1.45,3.875,7.875,14,309460,3.549260236
13,2020,1997,34.725,23.075,218.75,83.75,1.4,4.3,5.575,3,3680,1.821782178
14,42340,1997,38.125,22.225,92.5,72.75,1.35,3.725,8.175,20,150740,3.560226736
15,440,1997,35.575,21.7,250.25,78.75,1.05,4.075,6.725,63,2260,5.136363636
16,248140,1997,34.975,21.15,155.5,78.75,1.5,3.9,7.7,34,952580,3.838881277
17,2090,1997,35.075,21.175,356,78,1.6,5.375,6.075,35,7540,3.607655502
18,82520,1997,35.65,22.05,173.5,79.25,1.35,4.275,6.65,10,314130,3.806713524
1,3210,1998,35.525,22.675,227.75,81.5,1.5,4.325,6,4,8860,2.760124611
2,14030,1998,37.275,22.9,155,78.25,1.4,4.125,7.15,20,58220,4.149679259
3,0,1998,35.35,23.8,199.75,79,2.725,4.15,7.075,6,0,#DIV/0!
4,52130,1998,34.45,22.35,200,83,1.775,4.125,6.6,10,186620,3.579896413
5,70400,1998,35.95,23.65,189.25,74.5,0.775,4.25,7,9,242180,3.440056818
6,52250,1998,36.8,22.175,140.25,78.25,0.65,3.45,7.525,37,155180,2.969952153
7,201950,1998,36.725,23.1,149.5,79.5,2.35,3.8,6.85,9,842130,4.169992572
8,114360,1998,37.1,23.375,162.5,78.75,1.75,4.1,6.825,7,503180,4.399965023
9,21210,1998,36.225,24.025,163.5,78,1.45,3.7,6.975,4,95440,4.499764262
10,40210,1998,35.125,22.7,176,80.25,1.625,4.3,5.875,19,129880,3.230042278
11,850,1998,34.975,23.675,217.25,83,1.45,3.75,6.925,6,2300,2.705882353
12,60160,1998,38.35,22.525,136.75,76,1.6,4.075,7.575,14,180480,3
13,1860,1998,35.025,23.875,182.75,81.75,1.75,4.2,5.775,3,3660,1.967741935
14,40440,1998,39.675,22.675,76.5,75.25,1.3,4.025,7.5,20,140730,3.479970326
15,280,1998,35.3,22.425,311.5,78,0.95,4.25,7.175,63,1410,5.035714286
16,246030,1998,35.975,21.85,189.5,80.5,1.3,4.125,7.125,34,880790,3.580010568
17,1520,1998,34.575,21.75,502.75,80,1.475,5.45,5.6,35,4230,2.782894737
18,73480,1998,36.75,22.45,187,79.75,1.625,4.45,6.75,10,257180,3.5
1,3500,1999,36.75,23.95,123,81.75,1.775,4.375,5.1,4,6130,1.751428571
2,14440,1999,36.7,23.825,130,75.5,1.325,3.425,6.825,20,61950,4.290166205
3,0,1999,35.05,24.175,335.5,81.25,3.15,3.925,6.65,6,0,#DIV/0!
4,29810,1999,35.625,23.85,147,82.5,1.675,3.75,7.2,10,111790,3.750083864
5,60150,1999,37.325,24.65,199.25,72,0.8,3.9,6.8,9,210530,3.500083126
6,45160,1999,37.4,22.8,179.5,77.25,0.775,3.45,6.875,37,142710,3.160097431
7,175710,1999,37.675,24,150.5,76.5,2.2,3.125,7.125,9,711630,4.05002561
8,69580,1999,39.25,24.15,101.75,75.25,2.875,3.7,7.375,7,301980,4.340040241
9,17710,1999,37.75,24.6,92.75,77,1.7,3.325,7.325,4,81470,4.600225861
10,34040,1999,35.45,23.4,183.75,79,1.725,3.725,6.125,19,119140,3.5
11,330,1999,35.9,24.125,273,81.5,1.35,3.55,6.875,6,780,2.363636364
12,58560,1999,38.75,23.85,147.75,71.5,1.625,3.3,7.325,14,215500,3.679986339
13,910,1999,36.825,24.525,204.75,81,1.45,4,5.3,3,1740,1.912087912
14,37050,1999,40,23.675,125.25,72.75,1.325,3.225,7.5,20,130420,3.520107962
15,70,1999,37.3,23.575,305.5,76.5,1.575,4.3,6.8,63,340,4.857142857
16,220360,1999,35.775,22.525,254.5,79.75,1.325,3.95,6.425,34,835160,3.789980033
17,1790,1999,36.675,22.725,364.75,77.75,1.35,4.8,6,35,6250,3.491620112
18,65260,1999,36.85,23.575,103.25,77.75,1.55,3.825,6.875,10,262350,4.020073552
1,3730,2000,35.25,23.075,178.25,82.5,1.6,5.025,4.725,4,6190,1.659517426
2,13100,2000,35.875,22.9,189,78.5,1.225,4.25,6.075,20,61440,4.690076336
3,0,2000,35.675,23.625,341,80.25,2.825,4.375,6.4,6,0,#DIV/0!
4,37690,2000,34.825,23.15,295.5,83.25,1.625,4.475,6.6,10,168850,4.479968161
5,63190,2000,35.225,23.45,256,73.5,1.05,4.575,6.675,9,217370,3.439943029
6,44930,2000,36.625,21.8,216,79,0.7,4.025,6.35,37,142430,3.170042288
7,197940,2000,36.2,23.35,183.75,78.25,1.825,3.85,6.5,9,799670,4.039961605
8,91330,2000,37.55,23.35,113.5,77.25,3.1,4.4,7.975,7,397290,4.350049272
9,15300,2000,36.8,23.45,128,79.25,1.325,3.975,7.175,4,74200,4.849673203
10,23270,2000,36.05,22.55,330.75,83,1.8,4.6,5.5,19,82380,3.54018049
11,240,2000,34.55,23.525,321.75,83.25,1.525,4.325,6.325,6,560,2.333333333
12,54750,2000,37.575,22.875,167.75,77.75,1.475,3.875,6.725,14,231590,4.229954338
13,280,2000,35.65,24.025,160.5,83,1.65,4.675,5.675,3,500,1.785714286
14,36300,2000,37.5,22.725,145.75,77,1.225,3.775,6.525,20,134670,3.709917355
15,70,2000,35.55,22.425,346.25,80.25,1.175,4.35,6.075,63,340,4.857142857
16,279850,2000,35.75,21.825,285,79,1.7,4.325,6.025,34,1147380,4.099982133
17,1820,2000,34.85,21.825,557,82.5,1.825,5.45,5.1,35,6150,3.379120879
18,62040,2000,36.05,22.65,243.5,79.25,1.275,4.375,6.475,10,253740,4.089941973
1,3740,2001,35.825,22.825,235.75,83.25,1.225,4.6,5.425,4,19180,5.128342246
2,14550,2001,35.925,22.825,134.5,73.25,1.125,3.4,7.4,20,75380,5.180756014
3,0,2001,36.925,23.15,301.75,75.25,3,3.85,7.1,6,0,#DIV/0!
4,35890,2001,35.125,22.85,237.5,81,1.375,3.9,7.1,10,111700,3.112287545
5,62570,2001,35.525,23.775,218.25,71.5,1.25,4.225,6.725,9,218610,3.493846891
6,42600,2001,36.475,21.8,200,73.25,0.7,3.425,7.475,37,119470,2.804460094
7,220920,2001,36.075,23.15,189,76.25,1.375,3.7,6.975,9,932680,4.221799747
8,89990,2001,36.925,23.225,225,78.5,1.95,4.3,6.4,7,385970,4.289032115
9,11510,2001,36.75,23.85,167.5,79.5,0.725,3.775,7.15,4,61120,5.310165074
10,21090,2001,34.95,22.475,234.5,79,1.675,4.025,6.325,19,62780,2.97676624
11,320,2001,35.425,23.475,353.5,80.75,1.2,3.65,7.05,6,5100,15.9375
12,56220,2001,37.1,22.625,184.25,72.75,1.425,3.675,6.9,14,246850,4.390786197
13,260,2001,36.25,23.725,381.75,83.25,1.325,4.375,5.625,3,250,0.961538462
14,35420,2001,37.525,22.45,133.75,73.5,1.25,3.75,7.275,20,153510,4.333992095
15,30,2001,36.425,22.5,221.5,73,0.925,3.5,6.7,63,160,5.333333333
16,268800,2001,35.425,21.725,194.25,75.5,1.425,3.625,7.125,34,881010,3.277566964
17,1410,2001,36.125,22.425,357.25,76.75,1.825,4.725,6.275,35,3720,2.638297872
18,64670,2001,34.3,22.675,209.75,76.5,1.15,4.2,6.95,10,226040,3.495283748
1,5480,2002,35.3,23.075,250.5,81,1.4,4.925,6.825,4,19180,3.5
2,15260,2002,35.425,22.775,166.5,78.75,1.175,4.2,6.675,20,75380,4.939711664
3,0,2002,35.15,23.425,247.75,73.75,3.375,4.175,7.025,6,0,#DIV/0!
4,32950,2002,34.675,22.575,205.75,81.75,1.625,4.3,6.65,10,111700,3.389984825
5,63550,2002,34.9,23.1,201.75,73.5,1.325,4.925,6.025,9,218610,3.439968529
6,37570,2002,35.275,21.975,234.25,78,0.8,4.375,6.55,37,119470,3.179930796
7,228040,2002,35.7,23.2,207,78.75,1.525,4.15,6.95,9,932680,4.089984213
8,81600,2002,38.675,23.4,245.5,77.75,2.4,4.325,6,7,385970,4.73002451
9,11960,2002,37.425,23.825,297,78.75,1.1,4.075,7.5,4,61120,5.110367893
10,19930,2002,33.925,22.275,317,81.25,1.5,4.55,6.125,19,62780,3.150025088
11,2170,2002,34.95,23.025,373,81.5,1.075,3.8,6.275,6,5100,2.350230415
12,60650,2002,36.925,22.925,133,77.25,1.425,4.05,7.125,14,246850,4.070074196
13,200,2002,35.95,23.625,274.75,83.25,1.325,4.425,5.8,3,250,1.25
14,36990,2002,37.55,22.725,133.5,77.5,1.45,4.15,7.45,20,153510,4.150040552
15,30,2002,36.35,22.1,229.5,77.5,0.725,3.525,6.8,63,160,5.333333333
16,226480,2002,34.675,21.825,335.25,80.75,1.575,4.725,6.35,34,881010,3.890012363
17,1200,2002,35.575,21.675,440.5,80,1.925,5.225,5.575,35,3720,3.1
18,57960,2002,35.45,22.475,197.75,79,1.05,4.175,6.425,10,226040,3.899930987
1,5670,2003,35.575,24,206.75,85,1.5,4.85,6.5,4,19330,3.409171076
2,15600,2003,36.575,22.775,190.75,77.75,1.2,4.1,6.9,20,72540,4.65
3,0,2003,35.275,23.7,406.75,80.5,0.9,4.075,7.025,6,0,#DIV/0!
4,26190,2003,35.125,22.525,268.5,82.25,1.775,4.225,6.725,10,89830,3.42993509
5,58920,2003,35.8,23.425,208,72.75,1.85,4.65,6.175,9,193850,3.290054311
6,36080,2003,35.675,21.7,160.5,79.5,0.75,4.15,6.225,37,119790,3.320121951
7,224970,2003,36.85,23.575,150.5,78.25,1.3,3.525,6.95,9,1046110,4.649997777
8,82050,2003,38.45,23.4,161,77.75,2.225,4.025,6.9,7,408610,4.980012188
9,12610,2003,36.825,24.325,148.5,78.75,1.075,3.775,7.375,4,64310,5.099920698
10,19630,2003,34.75,22.375,226,80.5,1.6,4.575,6.25,19,71060,3.619969435
11,1120,2003,36.1,23.625,339.5,81.5,1.3,3.65,6.7,6,2640,2.357142857
12,60230,2003,37.8,23.05,143.25,76.75,1.375,3.775,7.025,14,249950,4.149925286
13,290,2003,35.875,23.8,346,85.25,1.125,4.425,5.925,3,410,1.413793103
14,35990,2003,39.025,22.975,118.25,74.5,1.275,3.525,7.35,20,145400,4.040011114
15,30,2003,36.825,22.3,369.25,76.25,0.725,3.6,6.4,63,130,4.333333333
16,185800,2003,35.45,21.725,246.25,79.75,1.525,4.775,6.075,34,804510,4.329978471
17,4170,2003,35.025,21.9,469.5,77.5,1.75,5.125,5.475,35,13510,3.239808153
18,50730,2003,36.475,22.55,224.75,78.75,0.95,3.95,6.975,10,195310,3.849990144
1,3890,2004,35.85,24.375,135,80.25,1.525,4.575,6.05,4,10114,2.6
2,9917,2004,37.425,23.425,227.5,77.25,1.2,3.9,6.7,20,45420,4.580014117
3,0,2004,35.975,24.325,271,80.25,0.825,4.625,7.025,6,0,#DIV/0!
4,4283,2004,35.425,23.35,255.25,82,2.225,4.5,6.85,10,18460,4.31006304
5,9605,2004,36.05,24.4,203.5,71.5,1.725,4.75,6.2,9,29776,3.100052056
6,13325,2004,36.75,22.4,242.5,78.5,0.75,4.275,5.775,37,59030,4.430018762
7,85559,2004,36.8,24.075,171.5,75.75,1.575,3.775,7.05,9,446618,5.220000234
8,29295,2004,38.65,23.65,130.5,77,2.475,3.95,7.075,7,170790,5.83000512
9,803,2004,36.95,24.8,163.75,78.75,1.225,3.8,7,4,3951,4.920298879
11,250,2004,35.375,24.25,264.5,81.25,1.25,3.65,6.375,6,658,2.632
12,33545,2004,39.15,23.625,136,74,1.475,3.7,7.125,14,139547,4.159994038
13,227,2004,36.125,24.475,153.75,87,1.175,4.325,6.475,3,313,1.378854626
14,8411,2004,39.825,23.525,165,72.5,1.35,3.675,7.05,20,43064,5.119961955
16,44430,2004,35.2,22.525,233.5,80.25,1.65,4.6,5.85,34,177276,3.990006752
17,94,2004,35.325,22.825,396.5,77.25,2.025,5.125,5.075,35,281,2.989361702
1,4260,2005,36.25,24.8,143.75,83.5,0.975,4.525,7.25,4,13078,3.069953052
2,9127,2005,36.7,23.225,99.5,75,1.5,3.675,6.55,20,40889,4.480004383
3,0,2005,35.675,24.575,139.75,78.25,1.3,4.075,6.275,6,0,#DIV/0!
4,4020,2005,35.1,23.35,214.5,82,1.8,4.3,7.25,10,16442,4.090049751
5,10370,2005,36.4,24.375,199,72,1.6,4.35,6.6,9,45835,4.419961427
6,11441,2005,36.525,22.35,213.75,78.75,0.65,4.05,6.525,37,46565,4.070011363
7,95595,2005,37.475,24.3,112.5,75.5,1.475,3.8,7.625,9,516213,5.4
8,37540,2005,39.875,24.075,90,76.25,2.275,3.5,6.975,7,203091,5.409989345
9,1046,2005,37.45,25.125,127,82,1.375,3.925,7.825,4,4791,4.580305927
11,140,2005,36.575,24.45,224.25,80.5,1.25,3.625,7.15,6,529,3.778571429
12,35252,2005,39.375,23.55,94,72.75,1.55,3.65,7.575,14,170620,4.840009077
13,0,2005,36.475,24.6,128.25,83.25,0.775,4.125,7.325,3,0,#DIV/0!
14,9296,2005,39.3,23.425,82.75,73.25,1.15,3.775,7.075,20,54289,5.840038726
16,34092,2005,34.8,21.975,213.25,80.5,1.675,4.625,6.15,34,162960,4.78000704
17,95,2005,34.75,22.025,483.25,78.75,1.9,5.275,5.375,35,288,3.031578947
1,3900,2006,36.7,24.275,167.75,82.5,1.175,4.3,6.225,4,12051,3.09
2,9260,2006,36.8,23.05,133,74.5,1.175,3.725,6.5,20,43615,4.710043197
3,0,2006,36.925,24.25,299.25,78.75,0.95,3.85,6.275,6,0,#DIV/0!
4,4320,2006,36.25,23.275,281.5,79.5,1.6,4.025,6.8,10,19483,4.509953704
5,11700,2006,36.85,24.2,173,69.25,1,4.45,5.925,9,45630,3.9
6,11935,2006,37.025,22.075,137.25,74.5,0.6,3.9,6.7,37,49769,4.170004189
7,105260,2006,37.8,23.775,143.75,75.25,1.475,3.85,6.825,9,559983,5.3199981
8,36740,2006,39.625,23.6,142.25,76.5,1.725,3.45,6.175,7,205744,5.6
9,1160,2006,37.85,24.65,129,75,0.725,3.6,6.6,4,5127,4.419827586
11,0,2006,36.625,24.25,251.25,79.25,1.175,3.625,6.7,6,0,#DIV/0!
12,48065,2006,38.45,23.05,122,73.75,1.075,3.75,7.15,14,239844,4.989992718
13,0,2006,36.875,24.475,220,81,0.75,4,6.7,3,0,#DIV/0!
14,9365,2006,38.775,23.025,105,72.75,1.05,3.95,6.9,20,54223,5.789962627
16,24520,2006,35.425,21.95,231.5,77.5,1.375,4.025,6.35,34,116960,4.769983687
17,85,2006,36.375,22.375,557.25,75,1.725,4.525,6.325,35,264,3.105882353
1,5785,2007,35.675,23.55,175,80,1.1,3.75,6.725,4,21694,3.750043215
2,10390,2007,37.6,22.95,219.25,73.75,1.05,3.35,6.675,20,46339,4.459961501
3,0,2007,36.625,23.625,360.75,79.25,1.125,3.8,7.1,6,0,#DIV/0!
4,2790,2007,35.25,22.75,225.25,81,1.275,3.65,7,10,11718,4.2
5,8670,2007,36.5,23.675,246.75,69.25,1.15,4.1,6.775,9,29825,3.440023068
6,16755,2007,38.225,22.25,157.5,74,0.9,3.475,7.1,37,63669,3.8
7,131720,2007,37.125,23.2,171.25,74.25,1.2,3.425,7.075,9,508439,3.859998482
8,39280,2007,38.65,23.425,132.75,76,2,3.225,6.65,7,210148,5.35
9,1725,2007,36.9,24.05,149.75,76,0.925,3.775,7.675,4,8125,4.710144928
11,0,2007,36.55,23.1,251.75,79.75,1.45,3.375,6.75,6,0,#DIV/0!
12,46040,2007,39.125,22.85,92.75,72.75,1.1,3.45,7.6,14,183700,3.990008688
13,60,2007,36.15,23.85,154.75,82,1.05,3.725,6.925,3,276,4.6
14,13580,2007,39.2,22.825,161.25,73.75,0.925,3.45,7.175,20,68579,5.05
16,20420,2007,35.925,22.225,214,77.25,1.1,3.925,6.725,34,97608,4.780019589
17,85,2007,36.05,21.9,515,76,1.775,4.775,5.85,35,281,3.305882353
1,5425,2008,36.125,24.325,85.25,82,1.2,4.375,6.525,4,18879,3.48
2,8830,2008,36.175,23.475,162,76.25,1.15,3.525,5.725,20,39470,4.469988675
3,0,2008,34.025,24.2,197.25,79,2.9,3.8,6.7,6,0,#DIV/0!
4,2530,2008,35.3,23.125,168,81.75,1.3,4.2,7.025,10,10778,4.260079051
5,13895,2008,35.9,24.425,229.5,71.25,1.3,4.4,6.575,9,55858,4.020007197
6,13560,2008,35.95,22.425,157.25,77.25,0.85,3.9,7.225,37,55732,4.110029499
7,131455,2008,37,23.925,89,76.5,0.925,3.45,7.225,9,573144,4.360001521
8,32445,2008,38.15,23.5,131.5,78.25,1.925,3.7,6.125,7,189479,5.840006164
9,1780,2008,37.075,24.6,106.25,78.25,0.525,4.15,7.1,4,7903,4.43988764
11,0,2008,36.2,23.925,200,80.5,1.15,3.975,6.5,6,0,#DIV/0!
12,37970,2008,37.625,23.425,99.5,75.5,1.175,3.675,6.9,14,157955,4.159994733
13,0,2008,36.175,24.25,85.75,82,0.9,4,6.5,3,0,#DIV/0!
14,14050,2008,38.05,23.275,105.25,74.25,1,3.4,7.1,20,75870,5.4
16,16140,2008,34.6,22.275,210,79.25,1.275,4.4,6.3,34,81184,5.029987608
17,0,2008,35.475,22.475,369,77.5,1.675,5.1,6.025,35,0,#DIV/0!
1,4926,2009,36.25,24.7,99.25,79,3.425,3.9,7.4,4,20985,4.260048721
2,16957,2009,37.65,23.225,96.25,72.75,2.85,3.05,6.25,20,76646,4.52002123
3,0,2009,34.375,24.375,231,71,3.925,3.75,7.4,6,0,#DIV/0!
4,2242,2009,36.025,23.7,145.25,79.5,2.675,3.9,7.425,10,9237,4.119982159
5,14450,2009,37.475,24.8,98.75,66.5,2.375,3.975,7,9,63147,4.370034602
6,11279,2009,37,22.275,219.25,73.5,1.825,3.425,7.25,37,48951,4.340012412
7,118932,2009,38.8,23.925,169,71.75,2.675,2.95,7.375,9,610121,5.129998655
8,33827,2009,40.275,23.75,96.75,73.75,6.175,2.725,6.275,7,194844,5.76001419
9,1526,2009,38.5,24.9,99,75,2.5,3.325,7.65,4,6562,4.300131062
11,0,2009,36.85,24.575,223.25,80.5,2.875,3.825,7.2,6,0,#DIV/0!
12,43657,2009,39.525,23.275,73.5,70.5,2.575,3.15,7.5,14,186852,4.280000916
13,0,2009,36.9,24.875,133.25,80.75,2.25,3.6,7.45,3,0,#DIV/0!
14,14149,2009,39.5,23.225,71.25,69.5,2.225,3.1,7.675,20,77254,5.460032511
16,14473,2009,36.225,22.275,193.25,76.5,2.9,3.825,6,34,67878,4.689974435
17,0,2009,35.725,22.65,383.75,74.25,3.8,5.025,6.475,35,0,#DIV/0!
1,9353,2010,36.375,25.4,176,79.75,3.675,4.875,6.7,4,31520,3.370041698
2,43814,2010,37.95,24.275,124.25,74,3.45,3.775,5.6,20,193658,4.420002739
3,0,2010,34.8,24.95,294.75,75.25,5.175,4.2,6.35,6,0,#DIV/0!
4,2820,2010,35.4,24.5,203.25,81.5,3.025,4.675,6.55,10,11421,4.05
5,16137,2010,36.975,25.575,136,69.25,3.325,4.8,6.425,9,67453,4.18002107
6,27120,2010,38.475,23.05,201.25,74.25,1.9,4.2,6.5,37,121498,4.480014749
7,183375,2010,37.825,24.925,243.75,75,3.1,3.4,6.95,9,891203,4.860002727
8,84443,2010,38.65,25.05,130.25,74.5,6.75,3.35,4.925,7,462748,5.480004263
9,8530,2010,38.025,25.7,117,76,2.325,4,7.375,4,38641,4.530011723
11,80,2010,36.475,25.25,310,80.5,3.475,4.95,5.725,6,270,3.375
12,71678,2010,39.95,24.45,77,72.25,2.9,3.85,6.975,14,367708,5.129998047
13,0,2010,37.475,25.5,185,86.25,2.425,4.475,6.475,3,0,#DIV/0!
14,24953,2010,40.45,24.25,81.25,71,2.35,3.425,6.85,20,134746,5.399991985
16,20705,2010,36.025,22.6,264,78.5,2.825,4.875,4.825,34,104353,5.03999034
17,0,2010,35.5,22.475,656.25,78.25,3.475,5.875,4.825,35,0,#DIV/0!
1,9648,2011,35.75,23.65,193.25,80.25,2.775,4.275,6.6,4,39846,4.129975124
2,46830,2011,35.875,23.05,134.75,74.5,3,3.975,6.675,20,202306,4.320008542
3,0,2011,33.8,23.575,231.25,78.25,6.15,4.225,6.35,6,0,#DIV/0!
4,4812,2011,34.65,22.95,200.25,80.25,2.175,4.25,6.7,10,17804,3.699916874
5,15320,2011,35.4,23.9,173,70,2.7,4.3,5.7,9,58982,3.85
6,29110,2011,35.9,22,171.5,76,1.725,3.625,6.675,37,127793,4.390003435
7,202786,2011,36.2,23.125,168,75.75,2.725,3.475,6.675,9,786810,3.880001578
8,84598,2011,37.6,23.175,128.25,75.25,7.75,3.725,5.925,7,355312,4.200004728
9,8833,2011,37.225,24,142.5,76.5,2.5,3.75,6.75,4,30916,3.500056606
11,0,2011,35.475,23.5,309.25,81.25,3.7,4.575,5.95,6,0,#DIV/0!
12,79540,2011,37.325,22.775,133.5,74.25,2.55,4.075,6.975,14,364293,4.579997486
13,0,2011,36.425,23.8,227.75,81.75,2.25,4.15,6.625,3,0,#DIV/0!
14,26320,2011,37.625,22.65,158,76,2.225,3.225,7.075,20,153972,5.85
16,24700,2011,35.375,22.025,152,77.25,2.475,4.825,6.675,34,126464,5.12
17,0,2011,35.6,22.5,289.5,75,3.45,5.1,5.775,35,0,#DIV/0!
1,12986,2012,36.6,24.65,136,80,2.3,4.2,6.375,4,57528,4.43000154
2,37703,2012,37.975,23.55,78.75,70.75,3.525,3.45,6.05,20,171172,4.540010079
3,0,2012,34.525,24.15,436.75,80.75,6.825,3.85,6.35,6,0,#DIV/0!
4,3110,2012,35.2,23.8,214.75,80.75,2.125,3.95,6.925,10,10761,3.460128617
5,14096,2012,36.825,24.625,154.5,69,2.5,3.975,5.95,9,57230,4.060017026
6,24313,2012,37.75,22.225,129.75,71.25,1.775,3.45,6.9,37,114757,4.719985193
7,156226,2012,37.35,23.875,102.25,73.75,2.5,2.875,6.375,9,698330,4.469998592
8,60920,2012,39.975,24,86,71.75,8.35,2.775,5.925,7,287542,4.719993434
9,4923,2012,38.45,25.1,92.75,79,2.175,3.175,6.925,4,16738,3.399959374
10,26430,2012,35.45,22.8,132.25,79,2.25,4.25,5.95,19,96470,3.650018918
11,0,2012,35.975,24.55,270,81.5,3.45,4,6.025,6,0,#DIV/0!
12,84272,2012,40.4,23.35,75.5,70.5,2.425,3.15,7.25,14,398607,4.730005221
13,0,2012,36.625,24.85,123.5,82.5,1.95,3.625,6.55,3,0,#DIV/0!
14,22680,2012,40.775,23.3,70.75,68.75,2.025,2.775,7.2,20,119524,5.270017637
15,0,2012,36.825,22.7,349,76.75,2.125,3.725,6.5,63,0,#DIV/0!
16,23340,2012,36,21.95,193.5,74.25,2.475,4.225,6.9,34,118567,5.079991431
17,0,2012,36.425,22.225,587.75,76.5,3.3,5.275,5.25,35,0,#DIV/0!
18,55858,2012,37.375,23.175,131.25,74.5,2.775,3.175,6.825,10,219522,3.930001074
1,13060,2013,36.475,24.15,261.75,81,2.725,4.475,6.575,4,45579,3.489969372
2,36321,2013,36.875,23.525,89.75,74,2.3,4,5.75,20,176883,4.869992566
3,0,2013,33.75,23.975,336.75,81.25,7.2,3.9,6.35,6,0,#DIV/0!
4,2572,2013,34.8,23.65,184.75,80.25,2.45,4.175,6.675,10,8976,3.489891135
5,13773,2013,36.625,24.625,190.25,68.75,2.625,4.45,5.7,9,52200,3.79002396
6,22389,2013,37.625,22.4,150.5,73.75,1.8,3.95,6.425,37,108139,4.830005806
7,176626,2013,37.375,23.825,184.5,74.75,2.4,3.55,6.175,9,722400,4.089998075
8,57912,2013,37.75,23.75,138,73.5,7.45,3.3,6.25,7,296509,5.119992402
9,5175,2013,37.475,24.375,180.75,77.25,2.2,4,6.325,4,22097,4.269951691
